Customer ID,Customer Name,Email,Phone,Address
C001,Bates-Hart,stephanie16@example.com,(850)863-5179,"863 Johnson Fields
South Glendafort, AK 50506"
C002,Goodman PLC,angeldavies@example.com,2233418790,"612 Lutz Shoal
North Kennethport, IL 08495"
C003,Jones-Williams,heatherparker@example.org,9905965194,"3067 Shaffer Falls
Novaktown, MN 27363"
C004,Jones-Valenzuela,boothjasmine@example.org,2077973427,"2841 Aaron Mall
Dianeton, TX 79238"
C005,Williams and Sons,davidbell@example.net,867.323.6771,"831 Kirk Trafficway Suite 397
East Sherry, WV 84966"
C006,Smith and Sons,melaniewoods@example.net,+1-466-468-2614x43309,"367 Elizabeth Burg
Port Carolynhaven, OH 80720"
C007,Foster-Gilbert,eddie28@example.com,5315046561,"986 Kayla Curve
East Michaelshire, VI 78160"
C008,"Cross, Davis and Davis",hwashington@example.com,901-412-3535x27041,"40057 Ramos Crossroad
North Katie, AZ 51082"
C009,Tucker Group,williamsmark@example.org,246-309-5182x964,"96862 Coleman Center
Andersonmouth, NM 67321"
C010,Tate-Jimenez,garciarenee@example.org,506-832-9003x311,"12339 Brandon Gardens
Browntown, MI 72254"
C011,Griffin-Higgins,chungkurt@example.com,(815)565-2417x6393,"940 Tiffany Mount Suite 238
Danamouth, IA 50761"
C012,Smith PLC,lopezsusan@example.net,274-273-6925,"14240 Hart Crest Apt. 895
Emilyside, WI 74167"
C013,"Huff, Peterson and Martinez",ortegajessica@example.net,(236)241-8365,"Unit 9726 Box 3474
DPO AA 39942"
C014,Nelson PLC,kennethclark@example.org,+1-250-623-6430x116,"Unit 7123 Box 2626
DPO AP 03544"
C015,Wood-Holmes,andrewsheather@example.org,877.757.9344,"577 Melody Viaduct
Christinastad, NC 99408"
C016,Smith-Cooper,garciakathy@example.net,+1-441-922-6144x202,"311 Clark Prairie
West Markburgh, MN 30258"
C017,Heath-Pineda,marylawson@example.net,+1-321-754-3049x3918,"1578 Ryan Tunnel Apt. 873
South Jon, WA 09724"
C018,"Sanchez, Malone and Obrien",cassandra84@example.com,888-907-4864x0325,"55461 Jack Place
East Stacy, IA 29866"
C019,Herrera-Hill,jvalentine@example.com,001-724-235-8080,"503 Buchanan Motorway
Morrisborough, FL 37142"
C020,"Roberts, Gay and Montgomery",kaylamorgan@example.net,+1-690-414-0999x91128,"7234 Donna Summit
Lake Jessica, MH 37362"
C021,"Smith, White and Brooks",mark39@example.net,(401)770-1948x00649,"377 Samantha Curve Apt. 223
Cardenasland, SC 06163"
C022,"Willis, Perry and Cross",brian68@example.com,7039897238,"1698 Kevin Row
Port David, AL 22189"
C023,Davis-Ford,ryan80@example.org,+1-939-803-8230x490,"USNV Davis
FPO AE 77945"
C024,Sims LLC,igonzalez@example.net,(459)262-0686,"746 Anderson Bridge Suite 709
Powershaven, PR 14344"
C025,Smith-Marshall,terrellpaul@example.net,466-815-5342x693,"2339 Erin Union Suite 549
East Richard, FL 85007"
C026,Jones Group,scotttraci@example.net,316-770-4300,"160 Jill Loaf
Russoside, MN 08866"
C027,"Mcdonald, Rosales and Kerr",mvasquez@example.org,547-597-2126x306,"15932 Leah Glens Apt. 539
Smithtown, NH 60921"
C028,Moses-Griffin,alyssamoore@example.com,372-685-0867,"0395 Kimberly Tunnel Suite 859
South Michaelmouth, ND 23551"
C029,Morris Inc,bspencer@example.com,001-206-299-8439x5919,"2897 Poole Port Apt. 680
East Heidi, MD 40340"
C030,Sims-Perez,lacey30@example.org,(394)997-8753,"9430 Miles Plains
West Daisy, DC 88723"
C031,Holder Group,amanda84@example.net,992-408-4492x771,"67825 Lisa Ford
Port Kevinville, ME 98474"
C032,Navarro Group,bryan45@example.com,(348)700-2932x0108,"15680 Rodriguez Wells
South Trevorstad, DE 55629"
C033,Hernandez and Sons,troy54@example.com,690.781.9814x2071,"98654 Kathy Lake Suite 792
South Jason, WI 88781"
C034,"Hill, Luna and Robinson",glee@example.net,8042144100,"Unit 8480 Box 2775
DPO AP 74036"
C035,"Butler, Randolph and Martinez",denisereynolds@example.com,438.884.1207,"14581 Phillips Branch
Michaelchester, SD 87727"
C036,Peterson-Martinez,michaelgillespie@example.net,+1-851-484-9588,"188 Gallagher Square
New Kevinhaven, KY 30604"
C037,Thomas-Harrison,leahmarshall@example.com,958-647-6342x138,"18350 Becky Pass
Amandaton, AK 45943"
C038,Summers LLC,twalker@example.net,422.889.2907x567,"391 Silva Terrace Apt. 833
West Brettfurt, KY 17879"
C039,"Avila, Spencer and Savage",sarah65@example.org,396-544-7519x862,"82528 Howe Knolls
South Christy, ID 65177"
C040,"George, Hicks and Cook",fnelson@example.com,628.786.2582,"88788 Beck Bridge
Shepardside, MN 82616"
C041,Gonzalez Group,ronalddiaz@example.org,3528094754,"09788 Andrew Turnpike
Longland, TX 50070"
C042,"Ballard, Randall and Meza",kevinroberson@example.net,217.683.0384x600,"431 Jessica Plaza Apt. 144
Hunterfurt, VT 88996"
C043,Collins Inc,ysparks@example.org,(915)602-5163,"21037 Boyd Locks Apt. 358
Brianfurt, MI 98908"
C044,"Orozco, Rodriguez and Bowman",davislindsey@example.com,920.966.2877x3775,"3962 Perez Ranch
North Christopher, AS 99237"
C045,Hayes Ltd,robert69@example.com,403-826-3830x27914,"541 Holly Passage Suite 175
Woodshaven, NC 73921"
C046,Paul Group,heather33@example.com,(620)873-3310,"1831 Wanda Isle
Garyview, AR 92507"
C047,"Herring, White and Cannon",qlawrence@example.org,+1-761-871-4926x0514,"4411 Walker Walks Apt. 441
East Rebeccaview, PW 90291"
C048,Tucker PLC,edwinmorris@example.org,001-853-527-7105,"6950 Kara Neck
Zamorabury, LA 58672"
C049,"Cardenas, Brady and Harris",igarner@example.org,(581)500-3222,"178 Ward Plains
Jaclynton, SD 63580"
C050,Garrison-Chase,robinpowell@example.com,749.301.5964x84383,"84163 John Island
Lake Brianfurt, CO 51548"
C051,Morris and Sons,wchen@example.net,398.620.5074,"494 Johnson Manor Apt. 309
Jacobsmouth, MD 81815"
C052,Jones Inc,umclean@example.org,+1-950-750-5814x16014,"3483 Pamela Meadow
Patrickborough, DC 35508"
C053,White PLC,gweeks@example.net,624.361.9454x386,"65398 Heath Island
Port Emilyberg, IA 69768"
C054,Wood Inc,xray@example.org,(734)912-5840x6178,"749 Matthew Drive Suite 892
Petersonborough, OK 72625"
C055,"Warren, Williams and Hanson",orrricky@example.org,001-941-671-2699x09980,"043 Bryan Dam
West Andrea, TN 17441"
C056,Taylor Group,andrea26@example.com,952-613-2282,"0656 Jessica Ports Suite 743
Jenniferside, VT 71375"
C057,Schmidt PLC,jennifer70@example.net,001-411-514-4282x12083,"05697 Thomas Vista
Nicoleburgh, KS 10532"
C058,Bush Inc,garyknight@example.com,(679)302-0600,"9787 Rachel Isle
North Brittanyburgh, NV 54107"
C059,Parrish Ltd,shirley06@example.org,785-406-1054x45005,"1142 Alexander Shore Suite 614
Jenniferside, WI 15461"
C060,Smith-Monroe,clarkbrooke@example.net,+1-396-211-2471x90387,"Unit 2686 Box 4151
DPO AA 14364"
C061,Atkinson-Bowen,harveychad@example.net,+1-694-313-5743,"33985 Barber Rest Suite 117
South Michelle, SD 35121"
C062,Russell-Ruiz,karenglenn@example.net,001-799-493-6471x3730,"9573 Vicki Falls
South Jonathan, CO 63953"
C063,Rodriguez-Smith,andersonallen@example.net,954-663-1213x892,"835 Robert Prairie
Perryberg, LA 30554"
C064,"Jimenez, Jones and Henry",susan82@example.net,725.284.4101,"387 William Lake Suite 903
Carolfort, NV 09399"
C065,"Smith, Phillips and Evans",paulriggs@example.net,774.946.4374,"7741 Yang Harbors Apt. 144
North Curtisfurt, MN 35101"
C066,Martin LLC,shelly03@example.com,570.526.7383,"7144 Sims Stravenue
Port Marissatown, RI 37127"
C067,Hicks-Gallegos,ytyler@example.com,(418)591-7484,"PSC 1515, Box 1913
APO AE 30279"
C068,Grant-Sullivan,manuel36@example.com,289-729-4339x365,"0746 Jeffrey Crossing
Gibsonview, IA 33898"
C069,Sims-Byrd,floydjasmine@example.net,001-819-481-6043x938,"553 Evan Hill Suite 052
Danabury, TN 58418"
C070,Mckinney-Fernandez,moorewendy@example.com,(868)322-5422x9246,"3243 Valerie Row Apt. 863
Sanchezchester, UT 46660"
