Vendor ID,Vendor Name,Email,Phone,Address
V001,Beard LLC,pjohnson@example.org,+1-628-223-7665x3594,"67679 Parsons Common Suite 966
New Andrew, WA 38407"
V002,Martinez Group,tanyamartin@example.com,001-732-618-5959x5445,"669 Sean Road Apt. 406
Wileymouth, OR 20621"
V003,Cordova-Williams,mgillespie@example.com,776.865.8120x616,"07915 Jacob Causeway
Mendozafurt, NY 34535"
V004,"Dunlap, Hughes and Hernandez",mallorydoyle@example.org,346.391.0736x1579,"068 Tyler Camp
Lopezbury, MT 03015"
V005,Briggs Ltd,salazarrachel@example.com,+1-439-771-7780x95878,"3702 Samuel Junction
Murphymouth, NE 02660"
V006,Garcia Group,khinton@example.com,001-608-432-5451x307,"2450 Mejia Fork Suite 211
Lake Jacqueline, FL 28547"
V007,"Knight, Orozco and Rodriguez",bill33@example.org,479.900.6179x98160,"53337 Combs Street
Ashleybury, WV 12398"
V008,Wood-Santos,stacey95@example.net,486-917-7420x38156,"4414 Hopkins Ports
New Kelly, NV 53207"
V009,Barnett-Farley,velasquezbarbara@example.com,(310)775-1353x50851,"36977 Deleon Fall
Port Kenneth, TN 91985"
V010,Garrett-Curry,kent89@example.org,606-943-3977x424,"52980 Joseph Fall Apt. 009
Hodgeport, MO 10570"
V011,"Greene, Jones and Greer",heatherhernandez@example.net,3659375006,"900 Wade Viaduct
Paulchester, WV 80453"
V012,Juarez PLC,bbennett@example.com,670-391-3326x408,"07267 Richard Plaza
Joshuaview, NJ 28492"
V013,"West, Lopez and King",nicholaspena@example.org,433.864.8359x5506,"97844 Amanda Street Apt. 502
South Peter, HI 81487"
V014,"Franklin, Rivera and Mueller",zorr@example.com,610-301-7634x6404,"0138 Christopher Fork
Lake Caitlin, TN 27378"
V015,"Maxwell, Hill and Perez",shodge@example.org,(717)843-0947,"8087 Karen Route
Wellston, GA 29087"
V016,Brown LLC,deannaacosta@example.com,001-306-236-2442x638,"1569 Wright Rest
Owensside, KY 14558"
V017,Lang-Gregory,christine59@example.net,564-699-8300x9280,"617 Conley Key Suite 569
Anthonyton, DC 79649"
V018,"Case, Taylor and Weber",nbarton@example.org,001-725-679-3489x36845,"79551 Gary Shoals
Lake Chadhaven, AR 64133"
V019,Miller Group,lopeztimothy@example.net,001-745-790-9607x228,"06246 Ian Vista
New Mark, MP 47798"
V020,Evans-Dawson,ygarza@example.org,(235)492-0770,"15758 Pierce Street Suite 007
Woodsburgh, ND 29488"
V021,Stone-Washington,melindajohnson@example.net,(609)812-9424,"PSC 4122, Box 9024
APO AP 61081"
V022,"Wells, Green and Barron",davidlopez@example.net,+1-221-622-7412,"24955 Nicholas Oval Suite 755
East Kaylee, CA 00607"
V023,Rodriguez Ltd,marybowen@example.com,+1-767-966-2996x34387,"52101 Brenda Mountain
Robertville, NE 04937"
V024,Parker PLC,dawnwu@example.com,001-276-580-0339x124,"795 Miller Meadows Suite 662
Lake Carlosmouth, SC 21367"
V025,Robertson Group,hallnicole@example.org,201.496.6534,"711 Martinez Shoal Apt. 643
Lake Natalie, NH 39979"
V026,"Bradshaw, Webb and Smith",mezasabrina@example.net,+1-877-211-5938x916,"73955 Jones Landing
Mullinsview, CO 04831"
V027,"Fox, James and Maldonado",darrencrawford@example.net,+1-407-768-6622x64280,"311 Bush Ports Suite 730
Cummingsborough, VA 19076"
V028,Rios-Kemp,michael51@example.com,4279306155,"423 Paul Roads
Singletonville, IL 71483"
V029,"Gonzales, Watson and Juarez",ejohnson@example.org,563.602.6000,"6657 Mcknight Hollow Apt. 466
West Elizabethborough, MA 77645"
V030,"Conway, Walter and Peterson",nicolemooney@example.org,(354)685-2138x97805,"406 Natasha Forges Suite 370
South Nancy, SC 87663"
V031,Bentley and Sons,michael75@example.net,(845)422-3444x454,"200 Lopez Track
Robertsside, MP 17806"
V032,Castaneda-Carpenter,vpearson@example.com,9455383375,"2745 Gutierrez Terrace
Jacobtown, HI 82842"
V033,Hickman LLC,mckenziemarcus@example.com,001-814-581-8237x872,"37893 Herrera Rapids Apt. 786
Jonathanmouth, MH 37569"
V034,Wilkinson Inc,adelgado@example.com,001-575-514-8021x1650,"64363 Benjamin Drives Apt. 288
Eddiechester, MA 70230"
V035,Andrade-Green,jessicaproctor@example.net,001-510-873-4304x5049,"545 Michael Garden
New Danieltown, MP 53407"
V036,Meadows-Simpson,asims@example.com,825-969-2131x074,"700 Rodney Village
Michaelport, OR 64914"
V037,"Marks, Cooper and Jones",greermelissa@example.com,001-881-627-0557,"68108 Madeline Parkways Suite 838
East Andrea, NJ 13154"
V038,Riddle-Long,david94@example.net,3976629205,"0662 Claudia Light Suite 823
Port Keith, VA 33089"
V039,Miller Group,westwendy@example.org,+1-859-881-1658x9215,"9813 Patel Junctions
Veronicamouth, IA 67392"
V040,Martinez-Williams,brandon24@example.net,637.491.1875x22275,"13019 Brenda Neck
North Christopherland, CA 06215"
V041,Everett-Kim,davispaul@example.com,001-744-804-6111,"0794 King Mill Apt. 942
East Cathy, NJ 83801"
V042,Ramos-Brown,nicole71@example.net,730.532.7444x26845,"080 Christopher Neck
Larryberg, MN 02143"
V043,Mckay-Ayers,vcarpenter@example.org,493-454-6522,"614 Anderson Creek
Ellisshire, IN 64486"
V044,Newton-Alexander,maddoxbrittany@example.com,+1-332-926-6999,"PSC 6514, Box 3897
APO AE 00622"
V045,"Reynolds, Contreras and Jimenez",ashleybishop@example.net,+1-658-930-7648x7564,"333 Jennifer Curve
North Pamela, MA 77388"
V046,Francis Ltd,sarahwilliams@example.net,941.907.2527x04909,"968 White Burgs
Harrellton, MS 45026"
V047,Dean-Rodriguez,taylorjessica@example.com,696.868.5674x9717,"658 Debra Parks Apt. 579
Hullmouth, NE 15820"
V048,"Jones, Wells and Green",deanrobert@example.org,689-748-9399,"27784 Stephanie Plaza Apt. 171
Morenomouth, WA 49937"
V049,Acevedo-Payne,kevin13@example.org,4737892551,"5890 Ford Fall Suite 762
Christineton, KS 07010"
V050,Garcia-Fox,frankjordan@example.org,+1-865-672-8552,"02888 Middleton Locks
Dunnshire, AR 27798"
V051,Chapman-Daniels,wadeandrew@example.org,618.671.2613,"78314 Thompson Ridges
North Amanda, IN 25068"
V052,Chang-Fletcher,zjames@example.net,3046301907,"3649 Brian Ferry Apt. 317
Port Christophertown, ND 25253"
V053,"Mclean, Casey and Jones",patrickjones@example.net,(384)508-0666x701,"5181 David Row
East John, CA 15189"
V054,Griffith LLC,harrisjose@example.net,(584)799-9420x86004,"18520 Wilson Expressway
Jamesport, MN 58405"
V055,Greene-Roberts,charles52@example.net,001-488-588-2852x550,"3141 Miranda Mountains Suite 678
Brandtborough, NY 96921"
V056,"Cole, Porter and Wilson",sarahfox@example.net,001-763-298-0863x73274,"Unit 8370 Box 6896
DPO AA 43547"
V057,Kelly Inc,hebertcasey@example.org,5772358636,"3320 Brandy Stravenue
Flowershaven, AZ 80358"
V058,Hensley LLC,jessica38@example.net,(948)543-3298x54001,"9902 Samantha Shoal
Elizabethstad, ID 32545"
V059,"White, Clements and Dougherty",lambertanthony@example.net,+1-604-429-1250,"30352 Richard Throughway
Port Hayleyborough, SD 64198"
V060,"Franklin, Sanders and Miller",qchen@example.org,333.925.8739x23697,"993 Ross Mount
Richardside, IN 16098"
V061,Brown PLC,vpatel@example.org,328-825-4926x127,"112 Jackson Extensions Suite 556
Calvinport, KY 82139"
V062,Hopkins Inc,reyeskatherine@example.org,001-847-726-4528x88595,"926 Ronnie Rapid
Loganville, MN 84724"
V063,Clark and Sons,millerandrew@example.com,(726)636-5465x3361,"649 Melanie Loop Suite 599
Williamville, MA 73209"
V064,"Hickman, Shaw and Williams",griffinheather@example.com,+1-204-340-4231,"543 Rocha Skyway
North Sandratown, VA 88083"
V065,"Hardy, Smith and Ingram",jennifer10@example.com,218.546.6248x6143,"USS Shelton
FPO AP 93866"
V066,"Smith, Smith and Anderson",jvaughan@example.org,220-992-0582x944,"62798 Anthony Course Suite 296
Alexisbury, FM 10928"
V067,Harris Ltd,hansentammy@example.com,269-541-4823,"26572 Vaughan Branch Apt. 590
New Michael, DC 56400"
V068,Miller LLC,whitakeremily@example.org,(923)396-1638x47189,"90815 Christopher Field Suite 297
North Scott, MO 06625"
V069,"Gray, Murray and Boyle",andrewsvanessa@example.com,690.304.6776x275,"7606 Barnes Mountain Suite 284
Wagnerbury, ND 26413"
V070,"Weber, Mason and Lutz",jasmine08@example.net,+1-849-704-4600x1908,"10877 Shah Creek Apt. 019
New Bethmouth, PR 92873"
